<?xml version="1.0" encoding="UTF-8"?>
<project-private xmlns="http://www.netbeans.org/ns/project-private/1">
    <editor-bookmarks xmlns="http://www.netbeans.org/ns/editor-bookmarks/2" lastBookmarkId="0"/>
    <open-files xmlns="http://www.netbeans.org/ns/projectui-open-files/2">
        <group>
            <file>file:/C:/Users/HP/Documents/NetBeansProjects/ServicioWebSoap_Cliente/src/java/controlador/Controler_Ingreso.java</file>
            <file>file:/C:/Users/HP/Documents/NetBeansProjects/ServicioWebSoap_Cliente/src/java/controlador/Controler_Registro.java</file>
            <file>file:/C:/Users/HP/Documents/NetBeansProjects/ServicioWebSoap_Cliente/src/java/vista/View_Saldo.java</file>
            <file>file:/C:/Users/HP/Documents/NetBeansProjects/ServicioWebSoap_Cliente/src/java/controlador/Controler_Saldo.java</file>
            <file>file:/C:/Users/HP/Documents/NetBeansProjects/ServicioWebSoap_Cliente/src/java/vista/View_Inicio.java</file>
            <file>file:/C:/Users/HP/Documents/NetBeansProjects/ServicioWebSoap_Cliente/src/java/modelo/OperacionesWS.java</file>
            <file>file:/C:/Users/HP/Documents/NetBeansProjects/ServicioWebSoap_Cliente/src/java/vista/View_Registro.java</file>
            <file>file:/C:/Users/HP/Documents/NetBeansProjects/ServicioWebSoap_Cliente/web/index.html</file>
        </group>
    </open-files>
</project-private>
